user_id,first_approved_day,s2_approved_contracts,s2_total_usdt,s1_usdt_requests,is_completely_new,수집시각(KST)
3cb21501-5b63-4ce1-96e9-2a08c78dc950,2026-06-28,105,63560,0,1,2026-07-08 05:04:24
6ccf905c-40e8-4b5a-acb6-9c7b56b633dc,2026-06-28,9,21500,0,1,2026-07-08 05:04:24
91088324-cc00-471d-837a-46d70ef70efc,2026-06-28,5,3640,0,1,2026-07-08 05:04:24
907a2202-c897-414c-8ae0-1bf2a530c1cf,2026-06-29,3,4040,0,1,2026-07-08 05:04:24
196d7eae-7a3f-4182-ae42-a1659d0abb03,2026-07-01,6,3980,0,1,2026-07-08 05:04:24
1dfe9c63-f75b-47bd-b36b-6d197635975e,2026-07-01,1,2000,0,1,2026-07-08 05:04:24
0e96905d-bf22-4c9d-b66d-9c635caad333,2026-07-02,6,56400,0,1,2026-07-08 05:04:24
b975c7ae-498c-499a-be39-668e9a695480,2026-07-07,1,2000,0,1,2026-07-08 05:04:24
05b264c4-03ff-4949-b622-1695fb672053,2026-06-28,3,8520,50,0,2026-07-08 05:04:24
14e55754-5478-46e2-a464-bb80ee76a737,2026-06-28,5,6680,40,0,2026-07-08 05:04:24
251b64ec-25fa-4489-8478-6fd796f84071,2026-06-28,3,2240,69,0,2026-07-08 05:04:24
2584abd0-05cb-457f-abec-f52739814659,2026-06-28,5,4260,172,0,2026-07-08 05:04:24
26881fbc-8ae0-4124-b28b-713277c7a4bb,2026-06-28,8,7260,87,0,2026-07-08 05:04:24
2d54731c-780c-468f-b979-817e7be81116,2026-06-28,6,5280,338,0,2026-07-08 05:04:24
3131caa0-bcd9-419c-8d4e-5fd1621a9fd5,2026-06-28,4,3200,4,0,2026-07-08 05:04:24
33434bf0-7123-43db-896b-6f6450173a5f,2026-06-28,2,2040,178,0,2026-07-08 05:04:24
37f070b3-994d-4c9c-bc99-8cd7511eb6e6,2026-06-28,5,2840,211,0,2026-07-08 05:04:24
389b3f7e-6dc4-49c4-a26e-17cf8eb3bb1e,2026-06-28,3,2240,256,0,2026-07-08 05:04:24
3af41aa7-c1ef-4ca9-b64e-6dcaf4ad8ada,2026-06-28,2,2040,156,0,2026-07-08 05:04:24
3e12379f-0b4b-48dd-bf67-72907cbd18c0,2026-06-28,10,8900,255,0,2026-07-08 05:04:24
40f1bc37-d002-4dc4-aa67-1b56890dadd2,2026-06-28,4,6160,153,0,2026-07-08 05:04:24
4ba892d1-27bd-4532-a22c-d485bec9d084,2026-06-28,7,12560,22,0,2026-07-08 05:04:24
4c1bd531-54ae-4b9c-b3f3-087fb192076e,2026-06-28,3,2240,50,0,2026-07-08 05:04:24
4c5573b9-063f-4f90-9cb1-338768f5fd99,2026-06-28,3,2440,183,0,2026-07-08 05:04:24
4edb5742-8fb5-440f-be1a-ccc84ff17541,2026-06-28,2,2040,113,0,2026-07-08 05:04:24
4ef9dbd1-9061-4e44-9799-ddc4ccef24f6,2026-06-28,2,2040,56,0,2026-07-08 05:04:24
4f77fd0f-7fbf-4633-8bb6-d5b8c38d0888,2026-06-28,4,3140,207,0,2026-07-08 05:04:24
53b104d4-c636-4014-a401-6568a7a99c25,2026-06-28,10,7900,138,0,2026-07-08 05:04:24
543de585-35a2-447b-afa1-80652267cc6c,2026-06-28,3,2240,435,0,2026-07-08 05:04:24
559d8c65-aa2b-4f1b-905c-aaa1f115cb58,2026-06-28,4,3200,49,0,2026-07-08 05:04:24
55bf3a91-8935-4a2f-8a29-2e8023fa4f41,2026-06-28,2,2040,238,0,2026-07-08 05:04:24
55ea2e7f-fc88-454b-a64c-b3540c0884d4,2026-06-28,7,9560,491,0,2026-07-08 05:04:24
563812ea-0ee5-42b6-97f7-3e2b12acbf73,2026-06-28,2,2040,29,0,2026-07-08 05:04:24
57a8d208-b850-457c-b89f-8529e7fde229,2026-06-28,3,3060,78,0,2026-07-08 05:04:24
640250f0-8a98-4242-987f-4863987ead8e,2026-06-28,5,5960,241,0,2026-07-08 05:04:24
672167aa-a069-4871-827e-91db7a698ed1,2026-06-28,2,2040,8,0,2026-07-08 05:04:24
67416aa2-0889-4a25-9cd2-a1982003524e,2026-06-28,3,2240,60,0,2026-07-08 05:04:24
67be334e-5071-497f-a974-ad7e69383d49,2026-06-28,5,4260,34,0,2026-07-08 05:04:24
6b780529-5f3b-49e5-b42d-b6ee31ddd0a1,2026-06-28,3,2240,122,0,2026-07-08 05:04:24
6bb05568-bb01-4ec8-b523-b97dd32e6571,2026-06-28,5,3240,92,0,2026-07-08 05:04:24
6c10b4f1-0314-4aed-b007-1a3f38c0458d,2026-06-28,7,7280,306,0,2026-07-08 05:04:24
6c6d0fc7-2942-49ec-aa45-e8b8c5c8edc2,2026-06-28,3,2840,462,0,2026-07-08 05:04:24
6e24198d-69b6-4b58-9401-429aa3c36314,2026-06-28,2,2240,28,0,2026-07-08 05:04:24
6e255de0-84d5-4034-b3d4-cfea1ea59b3a,2026-06-28,4,3260,130,0,2026-07-08 05:04:24
6e8b3c58-ac4a-4e39-9232-4576d3fe317d,2026-06-28,4,12300,332,0,2026-07-08 05:04:24
7341febc-668e-40b9-9f3f-ab3997042679,2026-06-28,13,18640,273,0,2026-07-08 05:04:24
74a5949c-5cba-4467-9c2c-81c64f99047e,2026-06-28,3,2240,147,0,2026-07-08 05:04:24
75fcfede-dc07-4318-8b80-78b9ff156ac5,2026-06-28,12,13100,431,0,2026-07-08 05:04:24
77deda4f-810f-4f1a-8df0-f461ac6e91ca,2026-06-28,7,7900,240,0,2026-07-08 05:04:24
7803eb23-fb26-47ce-a66c-6c1aa0ea5517,2026-06-28,5,11660,59,0,2026-07-08 05:04:24
78a3ceb0-4f82-4ffc-ad25-45fd9d6ce4f1,2026-06-28,2,2040,30,0,2026-07-08 05:04:24
7f11518f-ec05-4864-8523-984254ba340a,2026-06-28,13,10500,193,0,2026-07-08 05:04:24
830bb4b1-d8ce-4ce5-8d3a-70775256755d,2026-06-28,9,6780,68,0,2026-07-08 05:04:24
86a0506f-f0ae-46cf-b1ac-f9052aa1c516,2026-06-28,2,2040,191,0,2026-07-08 05:04:24
8744a805-ad0c-474a-bc5a-3c9fd097d622,2026-06-28,3,3060,47,0,2026-07-08 05:04:24
897a1293-5f49-490f-9a34-6835b0964426,2026-06-28,4,3240,183,0,2026-07-08 05:04:24
8acf44a9-cbed-4d3b-8d70-74472bf71ed2,2026-06-28,2,2040,168,0,2026-07-08 05:04:24
8d99a972-d185-4267-9844-d42b615a2a11,2026-06-28,10,14100,193,0,2026-07-08 05:04:24
91e1152f-ac1b-4a9d-8b23-c2bc400179a9,2026-06-28,12,12920,249,0,2026-07-08 05:04:24
932f5590-887f-4895-8e35-d1d70ff30496,2026-06-28,8,6480,355,0,2026-07-08 05:04:24
9996bc26-071e-4d75-be51-ce337cc5577e,2026-06-28,12,32680,293,0,2026-07-08 05:04:24
9ab3e339-2f96-42a0-80cd-656ccd96249f,2026-06-28,2,2040,45,0,2026-07-08 05:04:24
9dba1fdf-cebb-4363-b2f6-37e0c1a19524,2026-06-28,2,2040,35,0,2026-07-08 05:04:24
a469097a-951b-432d-8a6f-93c48491587f,2026-06-28,7,7580,43,0,2026-07-08 05:04:24
ab164b3a-1cbb-4f2a-9600-23bbe273a47e,2026-06-28,5,4260,105,0,2026-07-08 05:04:24
aba4d1b6-3d31-4fc3-bd4c-24b3a7531b94,2026-06-28,2,2040,52,0,2026-07-08 05:04:24
b7f03559-db66-4de5-a6bb-ddfab59dfd7c,2026-06-28,7,4360,236,0,2026-07-08 05:04:24
b9a6be19-5fea-4a15-a6a4-8cefd28a2b2f,2026-06-28,4,2340,112,0,2026-07-08 05:04:24
ba02fafe-514d-4ca6-9f87-3c120922a385,2026-06-28,5,3940,109,0,2026-07-08 05:04:24
bb6c6b42-9d38-48cc-8d18-304654a0755a,2026-06-28,3,2240,312,0,2026-07-08 05:04:24
bbf08f6e-c7f2-4aa4-9e9a-978853fe4dc0,2026-06-28,12,10020,376,0,2026-07-08 05:04:24
bd6e1138-3b96-4fa5-be59-21b87d5797d7,2026-06-28,2,2040,152,0,2026-07-08 05:04:24
c17e29e6-9183-47b8-a96a-3da3bc4274b8,2026-06-28,11,10120,319,0,2026-07-08 05:04:24
c4562467-7ddb-4182-8ee9-a57854ec6b3c,2026-06-28,2,2040,39,0,2026-07-08 05:04:24
c4c21bba-afce-49c3-974d-73300faee6f1,2026-06-28,4,3040,267,0,2026-07-08 05:04:24
c754836a-9972-4b12-9828-b8cc2684a5d2,2026-06-28,3,2240,210,0,2026-07-08 05:04:24
cc5d2ed1-8ac9-4c34-b844-bca18db73f28,2026-06-28,2,2240,114,0,2026-07-08 05:04:24
cf2981dd-c0b8-4e68-b079-7c16bfb163e8,2026-06-28,9,20260,165,0,2026-07-08 05:04:24
d0657b3b-a819-4084-9f19-d06117a5f2f3,2026-06-28,3,19180,26,0,2026-07-08 05:04:24
d0af9d6b-a800-4dac-a75b-7a49facb0fc6,2026-06-28,3,3040,36,0,2026-07-08 05:04:24
d33c2204-2ee1-4d09-94d4-b0d20e82ae23,2026-06-28,2,2040,33,0,2026-07-08 05:04:24
d498f9cd-06e4-43e0-b8e3-20de326972ed,2026-06-28,6,5260,241,0,2026-07-08 05:04:24
d4c6a0f4-81da-4568-8b8d-b2be9d47d9c4,2026-06-28,4,6300,186,0,2026-07-08 05:04:24
d631d400-e567-4152-af3f-6d120eb1cb8b,2026-06-28,3,4060,84,0,2026-07-08 05:04:24
db0c5b76-aaa4-470e-b0a2-70fdb613ae25,2026-06-28,2,2040,205,0,2026-07-08 05:04:24
db12b2cc-cd0d-4f88-8668-2de10759f9e4,2026-06-28,1,2000,42,0,2026-07-08 05:04:24
de3fd2ea-3aaf-41f3-86dd-4758f4f6f5cd,2026-06-28,2,2040,11,0,2026-07-08 05:04:24
df8f81d6-c129-4d66-9501-1126d2f2808d,2026-06-28,3,3040,128,0,2026-07-08 05:04:24
dfd177f5-0e24-4971-b737-3d8585c201b5,2026-06-28,2,2040,109,0,2026-07-08 05:04:24
e33b8e2a-7559-4a9f-8dda-0d87160a0981,2026-06-28,9,9120,454,0,2026-07-08 05:04:24
e5a36b6e-b38c-4979-b9a2-7fc52e848f6a,2026-06-28,1,2000,54,0,2026-07-08 05:04:24
e8c3a491-e37b-499d-a051-d8eba2e768c1,2026-06-28,7,4740,92,0,2026-07-08 05:04:24
f0eb78d7-3663-4042-94af-59518f808a2b,2026-06-28,10,8100,185,0,2026-07-08 05:04:24
f2c3984f-8721-4ba9-9c0f-99d9bab19e7b,2026-06-28,13,6360,169,0,2026-07-08 05:04:24
f53511d1-3805-4fea-a9e0-740e15089cdc,2026-06-28,4,3220,23,0,2026-07-08 05:04:24
f7e9e76c-e9a4-4923-a6a0-48dde4fe1326,2026-06-28,5,5080,273,0,2026-07-08 05:04:24
faec906c-a099-41be-8bba-24cd9f89aaa5,2026-06-28,18,22180,376,0,2026-07-08 05:04:24
fee46882-00c2-4b10-9655-e1656c7a77ad,2026-06-28,4,4040,266,0,2026-07-08 05:04:24
00da7303-d822-4573-9040-4e6cb77859ba,2026-06-29,2,2040,12,0,2026-07-08 05:04:24
00e2c754-a24b-4458-a13b-e27330d8bfb6,2026-06-29,3,2240,35,0,2026-07-08 05:04:24
057eeee0-cba5-4e7f-a6af-6b42f24f5d2a,2026-06-29,2,2040,51,0,2026-07-08 05:04:24
0d827ec2-5944-4f65-aa2a-d7e5e0d5cf35,2026-06-29,5,3340,68,0,2026-07-08 05:04:24
10b23ec4-ec90-412f-807c-8de5de4810aa,2026-06-29,7,4760,170,0,2026-07-08 05:04:24
1404e465-95fb-4df7-81d6-ef92995c1aca,2026-06-29,3,6060,31,0,2026-07-08 05:04:24
1be6a960-2a05-4b05-af35-c02cba6a322d,2026-06-29,4,3240,95,0,2026-07-08 05:04:24
1e15987c-5a4d-4e25-a107-d267f532eb19,2026-06-29,7,8380,351,0,2026-07-08 05:04:24
20b5ab44-4c4e-4be9-85a9-1237af23455f,2026-06-29,2,2840,36,0,2026-07-08 05:04:24
213c21eb-4b56-49e4-bbf6-0f267bfdaa04,2026-06-29,4,4040,208,0,2026-07-08 05:04:24
23b69628-3e1d-40fa-a1dd-fcdcc35ac9b2,2026-06-29,2,2040,199,0,2026-07-08 05:04:24
23f693cf-9a72-432a-b83b-7f3f2d137eb1,2026-06-29,5,3740,74,0,2026-07-08 05:04:24
25b9813e-3518-4ba6-b21d-3c54fadb2750,2026-06-29,4,6240,28,0,2026-07-08 05:04:24
29e6fa94-2cd1-4939-8bd7-0b303ef3cccc,2026-06-29,6,16840,2,0,2026-07-08 05:04:24
2af4bdab-b200-463d-85ae-734a551d0282,2026-06-29,2,3040,68,0,2026-07-08 05:04:24
3024a672-1fd2-4144-8c34-c861aad03093,2026-06-29,3,2540,39,0,2026-07-08 05:04:24
30d51e07-a8b5-4cef-938d-a50e7620d9c0,2026-06-29,3,3040,374,0,2026-07-08 05:04:24
32f676a0-1a98-40f5-869b-5d0994278129,2026-06-29,9,8180,64,0,2026-07-08 05:04:24
33ad6922-6a4c-4026-8af6-b0398207301b,2026-06-29,2,2040,309,0,2026-07-08 05:04:24
34cc8a9b-40cb-4c73-a05d-3aa9fee8ede7,2026-06-29,3,2740,100,0,2026-07-08 05:04:24
3a4f2d52-24ec-42e1-adff-43ec50bfb524,2026-06-29,3,2540,49,0,2026-07-08 05:04:24
3c0357ae-6c72-43e8-ac92-c4687713862c,2026-06-29,2,2040,143,0,2026-07-08 05:04:24
40dbce94-0aed-4032-b893-93301421d68b,2026-06-29,3,3040,57,0,2026-07-08 05:04:24
41ae838b-49af-4b95-b9da-e0a513ffcb84,2026-06-29,3,2540,41,0,2026-07-08 05:04:24
4621c6e4-5949-457f-a1c0-66f6225e4591,2026-06-29,2,2040,194,0,2026-07-08 05:04:24
49c8a3dc-4b67-4328-8fa7-35f15545923d,2026-06-29,4,2640,188,0,2026-07-08 05:04:24
5018a239-3f97-4ebc-9f74-ec498c7fd3be,2026-06-29,2,2040,55,0,2026-07-08 05:04:24
51834806-a5f1-4a96-abb2-4cb559d070b4,2026-06-29,1,2000,1,0,2026-07-08 05:04:24
51b3b2c3-2a8f-43b1-a5de-735d47703021,2026-06-29,2,2040,10,0,2026-07-08 05:04:24
51b84c7b-2f22-44b8-95eb-8a7cfb203d83,2026-06-29,2,2040,106,0,2026-07-08 05:04:24
54bc9dbe-03f4-4959-acaf-627dabb80c6d,2026-06-29,7,4540,100,0,2026-07-08 05:04:24
562deabf-59fa-4f3b-875d-16ed4f242f2c,2026-06-29,3,2540,47,0,2026-07-08 05:04:24
5682cc63-05ff-49f2-9591-b6cfa7eeb1df,2026-06-29,3,2540,3,0,2026-07-08 05:04:24
5785da46-ed33-4c7e-b667-3ed5941c7dcc,2026-06-29,6,7500,89,0,2026-07-08 05:04:24
5de87d8c-2f50-4e79-beda-03c37c815919,2026-06-29,8,4060,76,0,2026-07-08 05:04:24
6065da15-39e6-4990-91ee-66eded8c820d,2026-06-29,4,3440,154,0,2026-07-08 05:04:24
6496aad9-387c-4f94-8132-2c4d356615f0,2026-06-29,15,11480,186,0,2026-07-08 05:04:24
66a28166-2984-4d1e-a1ff-cd4679574e5f,2026-06-29,1,2000,38,0,2026-07-08 05:04:24
689805f4-baca-4430-95e6-fadc7c54f786,2026-06-29,4,10520,63,0,2026-07-08 05:04:24
69229222-c676-46b1-9ec8-7acb53555247,2026-06-29,2,2040,89,0,2026-07-08 05:04:24
70aca799-e532-41b9-8e77-1eaf93eb64ce,2026-06-29,5,4160,175,0,2026-07-08 05:04:24
76242bc1-059d-4d0c-85e5-671dde89bd57,2026-06-29,3,2240,19,0,2026-07-08 05:04:24
7992ea3b-593b-41ba-adbc-ada9458a35c2,2026-06-29,4,4040,186,0,2026-07-08 05:04:24
799f2c71-790e-4435-af23-6c768dcdaccf,2026-06-29,2,2040,9,0,2026-07-08 05:04:24
8283c3ac-68ec-455f-97b5-2df1af31dd5f,2026-06-29,2,2040,93,0,2026-07-08 05:04:24
8348cb77-36d6-47ca-a724-343db67f522a,2026-06-29,2,2040,87,0,2026-07-08 05:04:24
878dfc3a-db34-4a16-a235-37ce4d131290,2026-06-29,2,2040,79,0,2026-07-08 05:04:24
88043695-b3d1-4e59-b041-28c3e73f3649,2026-06-29,5,5040,127,0,2026-07-08 05:04:24
88a0ad6a-20c6-4169-8f5a-fc97502b0dc8,2026-06-29,4,2740,43,0,2026-07-08 05:04:24
8bdc79fa-8718-4ac1-80a4-c346b8c0b14a,2026-06-29,3,2140,20,0,2026-07-08 05:04:24
8f6ad250-f86d-4c65-bb36-38092e05e376,2026-06-29,3,2200,67,0,2026-07-08 05:04:24
90a4fb6d-ec2d-4330-b353-9407b7b913f2,2026-06-29,5,4540,51,0,2026-07-08 05:04:24
917a802d-1ad9-4df0-838c-bb06e334aac5,2026-06-29,3,3140,84,0,2026-07-08 05:04:24
91d167f4-c252-4c81-8b67-68df98fb180e,2026-06-29,2,2040,25,0,2026-07-08 05:04:24
92edf341-11cf-4901-a4b4-0d363f7728ab,2026-06-29,2,2040,82,0,2026-07-08 05:04:24
9bb3188f-2b7d-4d09-8113-2c8ebf12c08f,2026-06-29,2,2040,15,0,2026-07-08 05:04:24
9d95a727-a96d-46fe-9ddb-5b49cd07c8d8,2026-06-29,2,2040,228,0,2026-07-08 05:04:24
ad3f0062-82cc-4682-8d43-43b49711da0a,2026-06-29,2,2040,51,0,2026-07-08 05:04:24
adee86c6-f36f-4380-872e-c5716bc02d57,2026-06-29,1,2000,9,0,2026-07-08 05:04:24
af9cdb49-523f-4933-ab81-dc48019394a2,2026-06-29,3,2540,310,0,2026-07-08 05:04:24
b083dcec-ed4b-4c9c-8c10-ccfb0603e491,2026-06-29,4,5260,35,0,2026-07-08 05:04:24
b29100b0-ff4c-49dc-9455-9c0a437559a9,2026-06-29,2,2040,32,0,2026-07-08 05:04:24
b4afa296-4e96-4804-80c9-2a2a4bdb26f9,2026-06-29,2,2040,209,0,2026-07-08 05:04:24
b685288b-72ab-4a07-ae3d-252adf31af46,2026-06-29,3,2140,87,0,2026-07-08 05:04:24
b6d173a2-de5d-4985-8d35-41058ae08f0e,2026-06-29,4,22360,42,0,2026-07-08 05:04:24
b7db503f-ecb7-48ec-82a4-f73756075097,2026-06-29,7,4360,287,0,2026-07-08 05:04:24
b827d5bc-eb88-450d-a579-02a3b107c83d,2026-06-29,3,14660,101,0,2026-07-08 05:04:24
b84a7069-9de5-482f-9dc2-da8c8c7cf2d0,2026-06-29,4,16840,22,0,2026-07-08 05:04:24
ba4dbda3-073c-4072-b3e3-db0d29aae6b2,2026-06-29,4,3140,29,0,2026-07-08 05:04:24
beb5634d-5da3-432c-9fd0-a757242ddecf,2026-06-29,3,2240,139,0,2026-07-08 05:04:24
beccf260-29fd-4d17-9a3c-85b304ff811d,2026-06-29,4,3540,85,0,2026-07-08 05:04:24
c6879468-77f3-4e58-8788-71f253bbdd4d,2026-06-29,15,92700,403,0,2026-07-08 05:04:24
c8c771c4-a9fd-4c12-ac7f-1d8323450fc5,2026-06-29,2,2040,36,0,2026-07-08 05:04:24
ca698fec-e217-424f-be8b-29a20344169c,2026-06-29,3,30360,144,0,2026-07-08 05:04:24
cc86544f-00fb-4f5c-86ed-ea4525661234,2026-06-29,3,4040,75,0,2026-07-08 05:04:24
d0820e54-7a36-45f6-884a-4ff1b88fc921,2026-06-29,4,3560,13,0,2026-07-08 05:04:24
d3b7aea5-a3dc-4a35-8603-3db63cd77710,2026-06-29,3,3040,28,0,2026-07-08 05:04:24
d5de4b63-60a5-4769-b9d8-3b85dbea3dd2,2026-06-29,3,2140,39,0,2026-07-08 05:04:24
de477b0a-6359-46ea-8d52-db4c7cc1c18b,2026-06-29,6,4740,87,0,2026-07-08 05:04:24
de99a761-85d8-4497-896a-9b8186d1e673,2026-06-29,3,2240,892,0,2026-07-08 05:04:24
e2765948-046b-43c8-a2a9-a8b426225c8b,2026-06-29,12,29480,215,0,2026-07-08 05:04:24
e29f2f3c-c960-4a4b-bb17-3f2884f7aa4c,2026-06-29,2,2040,15,0,2026-07-08 05:04:24
e4b2e3c0-ca4e-42a7-a48e-e1c01d681ee1,2026-06-29,4,3240,749,0,2026-07-08 05:04:24
eaa644c2-3948-4f24-abce-fc7b6d163327,2026-06-29,6,18280,207,0,2026-07-08 05:04:24
eb03fb90-e55e-490c-8b6c-9ef08f1e6d69,2026-06-29,4,4260,170,0,2026-07-08 05:04:24
efeca71a-ced9-4d3d-bb52-e09e72771895,2026-06-29,2,2040,37,0,2026-07-08 05:04:24
f3738d79-2608-41e7-bd8a-96e6b9b23dce,2026-06-29,9,6460,98,0,2026-07-08 05:04:24
fa29fa6b-bceb-49bd-9c87-201f38484a53,2026-06-29,3,3040,34,0,2026-07-08 05:04:24
fb2097fa-eb9d-4d77-b45c-1e98c56f4d32,2026-06-29,3,2300,39,0,2026-07-08 05:04:24
fff25144-97fb-4bde-9c48-58e8f8e64a42,2026-06-29,15,9400,743,0,2026-07-08 05:04:24
026cb1c3-a2c4-4522-9515-3c6326d1729f,2026-06-30,3,3500,14,0,2026-07-08 05:04:24
03340e51-4a68-4e48-b06d-e155793f81b9,2026-06-30,2,2040,35,0,2026-07-08 05:04:24
03595237-0c73-4e62-bcb6-4623960f46c7,2026-06-30,1,2000,8,0,2026-07-08 05:04:24
049a06ae-2281-44db-a84a-f1ee9f734478,2026-06-30,5,7600,3,0,2026-07-08 05:04:24
06b031c4-b609-4a81-89b8-9e069ac0be19,2026-06-30,2,2040,96,0,2026-07-08 05:04:24
0cacd3b0-1ae8-470c-aeae-da6d1e189bc5,2026-06-30,3,2540,66,0,2026-07-08 05:04:24
10c079e4-32cb-42d7-bedb-a89c10c3c2a4,2026-06-30,4,17100,92,0,2026-07-08 05:04:24
14505910-a2b5-4899-97df-452130102d99,2026-06-30,4,8340,21,0,2026-07-08 05:04:24
1d801e72-a9c3-465e-b819-6d6145d31dd6,2026-06-30,4,2940,40,0,2026-07-08 05:04:24
20034fcd-14a7-47ec-857d-01b89f7cf6bc,2026-06-30,2,2300,129,0,2026-07-08 05:04:24
29161790-e9f8-4773-a8b5-a478eb75e3c1,2026-06-30,3,2540,29,0,2026-07-08 05:04:24
307177cf-4caf-4c6d-a189-fe041bfdea17,2026-06-30,4,3540,404,0,2026-07-08 05:04:24
398bd1a3-85eb-452d-a6d1-ef916ea83b7a,2026-06-30,2,2040,62,0,2026-07-08 05:04:24
3d1afeb7-d101-4b98-8e8c-fc763906c71d,2026-06-30,1,12000,3,0,2026-07-08 05:04:24
416ce837-f3af-4c6d-80ee-acd48321bb38,2026-06-30,2,7500,15,0,2026-07-08 05:04:24
43296974-811b-4114-adeb-d511dfebb0d7,2026-06-30,1,2000,5,0,2026-07-08 05:04:24
4bafdb7d-66b2-4ba1-9a73-1111b5ee1f7a,2026-06-30,3,2800,11,0,2026-07-08 05:04:24
4d0884b3-6cbf-47fb-a36d-3fa3ed869921,2026-06-30,2,2040,27,0,2026-07-08 05:04:24
59cbf439-53fa-4546-b467-059e74332c82,2026-06-30,3,3040,101,0,2026-07-08 05:04:24
5f540d6a-c29c-424b-bc11-fe636426756e,2026-06-30,3,2740,35,0,2026-07-08 05:04:24
736f2d79-40d4-4306-b016-4f969a164537,2026-06-30,3,6880,22,0,2026-07-08 05:04:24
7425ed86-3c4e-4c00-9738-bbc39d506c6c,2026-06-30,2,2040,59,0,2026-07-08 05:04:24
74fdb82a-a175-449e-b8a0-f2774af5ef31,2026-06-30,6,14460,69,0,2026-07-08 05:04:24
764fc48c-bf01-4950-bcc7-2b9793363c7b,2026-06-30,2,2500,24,0,2026-07-08 05:04:24
796312f5-934d-4a7e-9aab-beab5a24193c,2026-06-30,4,8820,25,0,2026-07-08 05:04:24
7fad5a99-56d7-49f5-a5d1-a08a17b5c8f9,2026-06-30,1,2000,92,0,2026-07-08 05:04:24
93c4e558-d309-43e0-a2a6-8f34bf81bacc,2026-06-30,3,2440,216,0,2026-07-08 05:04:24
9c932d50-09a7-4a96-a529-483bcaa6a0c0,2026-06-30,2,2040,14,0,2026-07-08 05:04:24
9e80f531-2b17-4a92-b4e8-eb55ff0d51ad,2026-06-30,3,3420,87,0,2026-07-08 05:04:24
a32842c8-0bbd-477a-afe5-a5c50351b9c3,2026-06-30,3,2240,18,0,2026-07-08 05:04:24
a500595a-f59b-49cc-878a-1753ea19ced2,2026-06-30,3,2540,42,0,2026-07-08 05:04:24
b3f0224d-c5ed-4f2d-ac43-f272198e0dea,2026-06-30,3,13560,15,0,2026-07-08 05:04:24
b5401bd1-b402-4c49-b2f3-55a16ad464cd,2026-06-30,2,3000,262,0,2026-07-08 05:04:24
b6c70848-4388-4d8d-9159-f29eb4f72272,2026-06-30,3,2740,18,0,2026-07-08 05:04:24
bb9b63bd-0ec7-43c5-b4dd-14f2b96fdb01,2026-06-30,3,2200,15,0,2026-07-08 05:04:24
bcff8922-d6fd-483a-8107-894b7d81fa25,2026-06-30,3,2240,251,0,2026-07-08 05:04:24
bee455bc-b37f-4ccb-a4e4-81d4929dd1c0,2026-06-30,3,2640,69,0,2026-07-08 05:04:24
c6d663dd-b0aa-4b1e-b262-e14fcd99c466,2026-06-30,4,3140,152,0,2026-07-08 05:04:24
d373fe9b-1a08-4d3f-b72d-2501085bbbe9,2026-06-30,15,15300,107,0,2026-07-08 05:04:24
d3a40aac-2172-4492-8d54-d9eebfa1bb94,2026-06-30,5,4560,140,0,2026-07-08 05:04:24
dceb0b18-747b-4d82-80c5-0533d0aba829,2026-06-30,1,2000,69,0,2026-07-08 05:04:24
e4738989-2f9d-4561-94fe-af80ddd65f36,2026-06-30,4,24640,37,0,2026-07-08 05:04:24
f33a046c-fb8b-4f58-84d5-cdeb4d3373f2,2026-06-30,3,3040,80,0,2026-07-08 05:04:24
f9d058f3-ff92-49f2-b43a-a5a9752854cc,2026-06-30,2,2040,5,0,2026-07-08 05:04:24
fb648d79-1209-44dc-89b6-6e541bf783e1,2026-06-30,5,5200,62,0,2026-07-08 05:04:24
024c1799-1dab-41c9-9956-c3ba3db29d7d,2026-07-01,2,2040,17,0,2026-07-08 05:04:24
02bbd196-c176-4862-bf38-d4f67b80a889,2026-07-01,2,3000,266,0,2026-07-08 05:04:24
031c468f-e36b-42d5-bc38-1f918bf1f2a4,2026-07-01,5,17920,240,0,2026-07-08 05:04:24
065cbc83-e605-4186-a98f-1bb3892e5d76,2026-07-01,3,2540,86,0,2026-07-08 05:04:24
08ce54e7-6b5f-459f-a596-0fbea695395e,2026-07-01,2,2500,2,0,2026-07-08 05:04:24
0a7bbf0e-0123-408f-a87e-056111b13738,2026-07-01,2,3000,22,0,2026-07-08 05:04:24
12f154c5-ca08-4d23-a2fe-eef0cefbe46b,2026-07-01,1,2000,103,0,2026-07-08 05:04:24
1542254a-3bbd-4eb4-90f2-382d0f5d978f,2026-07-01,2,3000,84,0,2026-07-08 05:04:24
15bd262e-5b3b-4d13-8483-a6c9d028677b,2026-07-01,7,13680,248,0,2026-07-08 05:04:24
16ad048b-05f6-4e19-8fba-76e6bbed5d72,2026-07-01,1,2000,134,0,2026-07-08 05:04:24
19bd5544-eb8a-4122-b4b5-6b2405ea8053,2026-07-01,2,2500,100,0,2026-07-08 05:04:24
1abff6d3-6376-4dd3-bd4a-d4e74b9934ac,2026-07-01,3,3100,65,0,2026-07-08 05:04:24
1cc03ac9-5bc0-43b0-aa48-e476ecf9961b,2026-07-01,1,2000,145,0,2026-07-08 05:04:24
242c590c-1529-4c92-98e3-c6d02b980c63,2026-07-01,1,2000,55,0,2026-07-08 05:04:24
24a291e8-2883-48c5-9971-869bcdd58192,2026-07-01,1,2000,13,0,2026-07-08 05:04:24
2656fabf-29cc-4dea-9cfb-70646199acea,2026-07-01,2,9000,52,0,2026-07-08 05:04:24
26b71df6-9651-44e9-8810-2aa0716fb2bc,2026-07-01,2,2040,110,0,2026-07-08 05:04:24
2baa0f8a-552c-40c4-b557-4ebbf67dc6ea,2026-07-01,3,4400,89,0,2026-07-08 05:04:24
3f26a273-3fb7-4dd5-81c3-4d7fc4c79bc2,2026-07-01,2,3100,74,0,2026-07-08 05:04:24
42de48d5-63d8-459c-93bb-d0e5cbf2c0cb,2026-07-01,1,2800,19,0,2026-07-08 05:04:24
4728828b-f2ac-47fe-ab14-ac01ea7b9c9a,2026-07-01,1,2000,144,0,2026-07-08 05:04:24
47d6b050-b039-4f05-84fb-976d632cc3a1,2026-07-01,2,2400,54,0,2026-07-08 05:04:24
49ab4b8c-f8db-403f-b8d3-f92f5986a7d4,2026-07-01,2,3000,256,0,2026-07-08 05:04:24
6fdf3953-7aab-4b17-b284-2d43c7b66480,2026-07-01,1,2000,26,0,2026-07-08 05:04:24
6fe3795d-1a46-46e2-8b29-cc630b5f65e5,2026-07-01,1,2000,7,0,2026-07-08 05:04:24
70464c28-91ef-41e6-a88a-5c0284f1048b,2026-07-01,2,2500,141,0,2026-07-08 05:04:24
722cf239-4e0c-43a3-8d18-a0ae213b58df,2026-07-01,3,7800,164,0,2026-07-08 05:04:24
7bf7c10c-f9b1-4320-b4e7-7e96b0f16d10,2026-07-01,3,4000,79,0,2026-07-08 05:04:24
8476fd8f-6e27-42cc-8e2f-f18f3dd0f1d3,2026-07-01,4,5500,140,0,2026-07-08 05:04:24
89f961fd-dfa9-43e1-8f7e-e6ec9550f2b4,2026-07-01,1,2000,26,0,2026-07-08 05:04:24
8c3f32ea-5370-419d-8676-46f86a77fb28,2026-07-01,14,32400,47,0,2026-07-08 05:04:24
8d49ec58-c2cd-4eed-9167-9407dd15be05,2026-07-01,3,2800,96,0,2026-07-08 05:04:24
99276baf-2e4e-446b-993a-cded32973803,2026-07-01,2,2500,25,0,2026-07-08 05:04:24
9bbdfe1d-e58e-48e5-b200-d08d36ea28ac,2026-07-01,4,4400,158,0,2026-07-08 05:04:24
9c98a863-7399-4038-a7e0-85acf8054610,2026-07-01,3,4000,115,0,2026-07-08 05:04:24
a3172439-c225-402f-9c26-31a49f07faff,2026-07-01,1,2000,37,0,2026-07-08 05:04:24
ab2992a9-9891-4a82-803d-2940bd10cfbb,2026-07-01,1,2000,74,0,2026-07-08 05:04:24
abf0679d-dcb1-48db-9adc-3a157d271b32,2026-07-01,2,4000,22,0,2026-07-08 05:04:24
b57817f6-e30f-4385-9b05-56e1e1a55b88,2026-07-01,1,2000,85,0,2026-07-08 05:04:24
b817a6d8-cb1e-496d-b460-26e45c367077,2026-07-01,1,20000,54,0,2026-07-08 05:04:24
b911ae64-91ab-4212-8bc0-5844ef49c189,2026-07-01,5,6500,37,0,2026-07-08 05:04:24
b9dca4d3-8513-47d6-8921-5f75126908a0,2026-07-01,1,2000,33,0,2026-07-08 05:04:24
bc4c20e5-465d-4a9a-80ca-2709c52849da,2026-07-01,2,5000,89,0,2026-07-08 05:04:24
bde4b34d-dc41-4629-9c2a-1e3650b62de4,2026-07-01,1,2000,197,0,2026-07-08 05:04:24
bf272c34-095d-4b53-abdf-a41b6f840296,2026-07-01,1,2000,73,0,2026-07-08 05:04:24
bf7904d3-4bfc-4ed4-a63b-1f2229b8d73d,2026-07-01,1,2000,11,0,2026-07-08 05:04:24
c196b2f8-8053-4026-a688-248c12f47807,2026-07-01,1,2000,30,0,2026-07-08 05:04:24
d0464705-7645-474d-9c18-c875089636df,2026-07-01,3,4000,50,0,2026-07-08 05:04:24
d5c7637d-d877-464f-9643-a8a5cc53bd0e,2026-07-01,1,2000,28,0,2026-07-08 05:04:24
e17340ca-490e-4178-90db-254e8f1f9ecf,2026-07-01,3,2660,64,0,2026-07-08 05:04:24
e2985442-24e5-4811-a533-3c697e1b77cd,2026-07-01,1,2000,22,0,2026-07-08 05:04:24
e8efd423-a0ec-406d-908a-53dd2d2ac006,2026-07-01,4,3500,37,0,2026-07-08 05:04:24
e99fb93f-d14f-4e2a-82db-05c094e92600,2026-07-01,1,2000,7,0,2026-07-08 05:04:24
f12728ad-bf5c-4a26-a43d-0941ca2a7b60,2026-07-01,3,3000,40,0,2026-07-08 05:04:24
f4b4a7f9-01d3-4131-9436-6a7e34205690,2026-07-01,1,2000,52,0,2026-07-08 05:04:24
f63ed1db-8a76-4405-91a2-1c0659ba26ad,2026-07-01,1,4000,2,0,2026-07-08 05:04:24
fc0b40dd-c1ff-40c2-9cf6-3cdaeb8e5254,2026-07-01,3,3240,67,0,2026-07-08 05:04:24
05ddba42-f0be-4729-95af-0c1315282ac4,2026-07-02,2,4000,377,0,2026-07-08 05:04:24
0cef49c5-e880-4bed-a7dd-0ec9c166c460,2026-07-02,2,13500,80,0,2026-07-08 05:04:24
0f89d76d-2eb9-45b6-8936-e9c8342cba49,2026-07-02,2,76600,45,0,2026-07-08 05:04:24
105afbf5-90f5-4676-bea9-94e2933531c8,2026-07-02,1,2000,23,0,2026-07-08 05:04:24
272597db-b084-4cd5-8cac-3223b89f672d,2026-07-02,2,3000,121,0,2026-07-08 05:04:24
2a39807c-b434-44cc-b108-e936c424ef57,2026-07-02,2,3000,72,0,2026-07-08 05:04:24
3395ca10-2035-4ae4-9798-96481638a8bd,2026-07-02,1,2000,6,0,2026-07-08 05:04:24
39a82336-8d83-4498-8b1d-be85d4b05c31,2026-07-02,2,3000,32,0,2026-07-08 05:04:24
3f177d5e-9744-4964-9b94-a0bc704d63c4,2026-07-02,2,2500,77,0,2026-07-08 05:04:24
404564a4-12fd-47c6-ae41-bf737e99d5e1,2026-07-02,1,2000,27,0,2026-07-08 05:04:24
42243b6f-bf40-4e45-a18b-90ed79f858bf,2026-07-02,4,6400,77,0,2026-07-08 05:04:24
53e2234e-426d-4556-a6d6-d16440ca50e8,2026-07-02,2,2500,74,0,2026-07-08 05:04:24
543b61db-10c7-4d71-87af-1214a10e5e0b,2026-07-02,1,4000,50,0,2026-07-08 05:04:24
54e144b9-ba0f-4d4b-9f63-ace80f92b347,2026-07-02,1,2000,271,0,2026-07-08 05:04:24
66dce3eb-c893-42f9-8b4d-6aece9c3ba16,2026-07-02,1,6400,95,0,2026-07-08 05:04:24
70b8dde4-63b3-4306-9e65-6f236ed4943b,2026-07-02,1,2000,26,0,2026-07-08 05:04:24
8da19730-1019-4dae-ac18-b6512263a532,2026-07-02,1,20000,25,0,2026-07-08 05:04:24
8de4f1e6-92dd-4d5b-b105-683b40717783,2026-07-02,1,2000,91,0,2026-07-08 05:04:24
9344c7f4-8218-4cba-8148-0595fc5a13c2,2026-07-02,2,21600,37,0,2026-07-08 05:04:24
973a6b97-e348-4044-a90e-d439f50bf941,2026-07-02,7,12100,234,0,2026-07-08 05:04:24
baa9d552-9e07-4750-a764-0a87af4a9d84,2026-07-02,1,2000,24,0,2026-07-08 05:04:24
c89b0a18-8e1e-4c0e-8489-4c0e404bc2fe,2026-07-02,2,3000,15,0,2026-07-08 05:04:24
cee5f76f-99c9-48f3-b5c0-f17839ed9fab,2026-07-02,3,4500,27,0,2026-07-08 05:04:24
e5e3bc0a-b103-4135-8892-2a87daacfd41,2026-07-02,2,2500,74,0,2026-07-08 05:04:24
ea163455-b877-40fa-86fa-6d449ad869e0,2026-07-02,1,2000,56,0,2026-07-08 05:04:24
f9c21100-18ea-4162-b1ce-d9c94b27b873,2026-07-02,1,2000,13,0,2026-07-08 05:04:24
fe762455-c619-4a76-85af-1464a4e50906,2026-07-02,2,2500,135,0,2026-07-08 05:04:24
0340cf5f-0df5-4960-a6b7-42fb0f1a8b25,2026-07-03,1,2000,94,0,2026-07-08 05:04:24
0379291d-e195-4135-90c3-c91043c1d07e,2026-07-03,1,4000,84,0,2026-07-08 05:04:24
1bcf5fcd-b482-4c20-b9e2-d594a02784c6,2026-07-03,2,50000,72,0,2026-07-08 05:04:24
1bf2a9ce-f0b1-4cd7-ab28-323c3a49065e,2026-07-03,1,6000,115,0,2026-07-08 05:04:24
1e94e1ea-ce64-4ca1-a2ef-61a49fb6dcdd,2026-07-03,2,2500,149,0,2026-07-08 05:04:24
20c07b7a-9f42-4fca-9b0a-ce904c79f055,2026-07-03,1,2000,23,0,2026-07-08 05:04:24
358f662e-7a45-46aa-8f2d-32f52c2361e6,2026-07-03,1,2000,35,0,2026-07-08 05:04:24
38fee226-5682-478a-8ed9-816eaf5d2e9d,2026-07-03,2,5400,67,0,2026-07-08 05:04:24
3b573d13-315b-4c36-b0fd-47e3c82a6c8b,2026-07-03,1,2000,28,0,2026-07-08 05:04:24
4cb1b7f8-23ec-4f10-9587-e9005bdc5034,2026-07-03,2,10800,32,0,2026-07-08 05:04:24
4ffadae3-7970-4dee-8a44-c90f5d65fb33,2026-07-03,2,2500,24,0,2026-07-08 05:04:24
74402f13-da02-4dd5-9f9a-3f85bd155e18,2026-07-03,4,3300,97,0,2026-07-08 05:04:24
811f06a5-1873-4a01-8764-558b135aa259,2026-07-03,2,3000,41,0,2026-07-08 05:04:24
8914b691-387a-43d1-8088-c12b38aad545,2026-07-03,2,5000,27,0,2026-07-08 05:04:24
94616136-f608-4c6d-8396-463ee4cac7e9,2026-07-03,2,3000,45,0,2026-07-08 05:04:24
d514a64c-c9e1-4fdb-970e-4cde948ebc3e,2026-07-03,2,3000,119,0,2026-07-08 05:04:24
d799ca49-ccf0-431b-8772-d0cbf66b125d,2026-07-03,1,4000,14,0,2026-07-08 05:04:24
ede1b924-a209-4f39-9d62-d140867a7075,2026-07-03,1,2000,2,0,2026-07-08 05:04:24
f47a5b61-c425-416d-80eb-570a57e54a4a,2026-07-03,1,2000,26,0,2026-07-08 05:04:24
faa6947f-4930-479d-8d07-eb85569f9005,2026-07-03,3,3500,46,0,2026-07-08 05:04:24
24a57f18-857a-46d9-a6c9-848440ffa4af,2026-07-04,1,2000,16,0,2026-07-08 05:04:24
311ea61b-ef42-4255-845e-f31743191f9c,2026-07-04,1,4000,24,0,2026-07-08 05:04:24
33f0721e-6a71-4d0e-88c7-82a42b9938fb,2026-07-04,1,2000,8,0,2026-07-08 05:04:24
34496f4d-8798-4dc3-ae4a-bce57a0277b4,2026-07-04,4,34500,63,0,2026-07-08 05:04:24
3d41c416-a3c7-411f-ab14-81aa4299d7d3,2026-07-04,1,2200,141,0,2026-07-08 05:04:24
4c0a2629-0ba0-4bb0-93c1-a33ccf3ee043,2026-07-04,1,2000,81,0,2026-07-08 05:04:24
6b16a62d-621d-40d7-b88d-6dfa09e1a8e4,2026-07-04,1,4000,38,0,2026-07-08 05:04:24
84cd717a-8b63-48a8-9af1-aa0d072a0088,2026-07-04,1,2000,41,0,2026-07-08 05:04:24
92dd47d0-fae2-4320-b387-9b0eba8623d7,2026-07-04,1,4000,44,0,2026-07-08 05:04:24
95b9cfa6-229a-49fa-80af-459915d980e9,2026-07-04,2,2100,370,0,2026-07-08 05:04:24
b21d0c44-db65-45bc-85f4-7f6082d680a5,2026-07-04,1,2000,17,0,2026-07-08 05:04:24
b2a7e3f4-59dc-41e8-a2ba-eec378734e40,2026-07-04,1,2000,21,0,2026-07-08 05:04:24
c04c72f1-e15e-45fe-9ca4-fce7f3f7836c,2026-07-04,1,2000,77,0,2026-07-08 05:04:24
c0f62233-4d86-4b01-b3d2-027d29d85fa3,2026-07-04,2,2200,20,0,2026-07-08 05:04:24
f0474e79-014e-4a47-a515-1b3a3ce7c278,2026-07-04,2,2800,271,0,2026-07-08 05:04:24
f963b45a-bafd-45af-9349-9da714f5e9e7,2026-07-04,5,3000,111,0,2026-07-08 05:04:24
ff102bf9-2790-45cd-963a-5e77c40d8d24,2026-07-04,1,2000,47,0,2026-07-08 05:04:24
03684a19-fca3-4714-8361-afe30cb5d2b1,2026-07-05,1,2000,14,0,2026-07-08 05:04:24
2605c484-35dd-4262-b295-9eae69366946,2026-07-05,1,24000,138,0,2026-07-08 05:04:24
357f1782-b0ac-46bd-becd-312a3528e6fb,2026-07-05,2,21000,29,0,2026-07-08 05:04:24
371aa572-d395-4c18-af28-c18f488b9431,2026-07-05,2,3000,50,0,2026-07-08 05:04:24
48566a84-d58f-49f6-943d-ddaf7f7be4e7,2026-07-05,4,4500,461,0,2026-07-08 05:04:24
4b689915-c580-4057-a66c-2b710f3b2150,2026-07-05,1,2000,4,0,2026-07-08 05:04:24
6beed7d5-0449-473d-9cf2-b8e32fcb0e02,2026-07-05,1,2000,71,0,2026-07-08 05:04:24
94784cd1-2af1-45e8-b4a1-3e11164bdac4,2026-07-05,2,3000,558,0,2026-07-08 05:04:24
a0070a0a-477e-42a4-8855-160e0e4c2dc5,2026-07-05,1,2000,32,0,2026-07-08 05:04:24
a0b9efac-3b1e-48e5-9166-3079fcd0fe9a,2026-07-05,2,3000,74,0,2026-07-08 05:04:24
ac183322-01a1-4c65-b069-e10d08a62cd6,2026-07-05,1,2000,53,0,2026-07-08 05:04:24
ac194774-b02c-4d58-8b20-5a47572bdcd9,2026-07-05,3,2300,15,0,2026-07-08 05:04:24
b08218cd-8ba1-4118-86c3-3cb52310d269,2026-07-05,2,2500,84,0,2026-07-08 05:04:24
f141485a-179c-4e95-8651-6f715642e0f3,2026-07-05,2,3000,118,0,2026-07-08 05:04:24
fe9b4967-9cf5-4414-bdc1-8038288642da,2026-07-05,2,13000,77,0,2026-07-08 05:04:24
076844e3-eb61-4ae8-bec7-7a42487e23f2,2026-07-06,1,8000,73,0,2026-07-08 05:04:24
1367fa4a-94ea-48a5-a7e2-01e648840eb4,2026-07-06,1,2000,62,0,2026-07-08 05:04:24
5d93cce1-2d1d-4a71-a581-3358add60c47,2026-07-06,1,42000,157,0,2026-07-08 05:04:24
5eac9928-3db6-46c2-be47-089b11cb6ea2,2026-07-06,2,9000,18,0,2026-07-08 05:04:24
5faa1d00-3122-4c6b-a62f-28ea6c606bc3,2026-07-06,1,2000,113,0,2026-07-08 05:04:24
687b10d3-e7c5-41a2-ad29-84e053c315e5,2026-07-06,1,2000,60,0,2026-07-08 05:04:24
88230c60-080c-4b8b-8cf5-d537dd4f228a,2026-07-06,2,2500,25,0,2026-07-08 05:04:24
99dfebd0-2bae-4ac8-9dd1-1b3535d7a198,2026-07-06,1,3000,91,0,2026-07-08 05:04:24
9f710e3e-c168-445a-99a9-1780e20d7d57,2026-07-06,1,2000,77,0,2026-07-08 05:04:24
9fbac9b2-77f2-4089-8433-ee2586200b82,2026-07-06,1,2000,42,0,2026-07-08 05:04:24
a981ca37-6cdb-4eed-a2a3-c379f9d5bce2,2026-07-06,3,3700,50,0,2026-07-08 05:04:24
ddd43e95-b451-4570-9c56-2d3ae77afb5c,2026-07-06,1,2000,13,0,2026-07-08 05:04:24
e2570310-020c-4f9f-9dfe-bb0da3f63ef0,2026-07-06,1,2000,40,0,2026-07-08 05:04:24
ecc32a5f-d37e-45f0-8d38-3270deb464ae,2026-07-06,2,3000,140,0,2026-07-08 05:04:24
f20a33fe-b4f2-4969-a9ad-02559fda8969,2026-07-06,1,2000,54,0,2026-07-08 05:04:24
117d5f52-9a87-4699-b145-4c65be96bde3,2026-07-07,1,2000,21,0,2026-07-08 05:04:24
2a7a331a-0fb5-42b5-af4e-b89a6f3b72a2,2026-07-07,1,2000,107,0,2026-07-08 05:04:24
33e97ff9-d11d-4393-8127-f893d8fb7e5d,2026-07-07,1,2200,24,0,2026-07-08 05:04:24
489cd5db-3261-47a4-9652-e2987594bc40,2026-07-07,1,2000,67,0,2026-07-08 05:04:24
4e98fde6-f7b1-419f-af32-9887319d25af,2026-07-07,1,2000,27,0,2026-07-08 05:04:24
6ccf0097-3e0f-47e4-9230-cc23c0e0edeb,2026-07-07,1,2000,116,0,2026-07-08 05:04:24
9bf1c6de-80bb-4dec-8bcd-e8086858b540,2026-07-07,1,2000,35,0,2026-07-08 05:04:24
a67a4775-5d9c-402e-b4b2-0081d9734ee8,2026-07-07,1,2000,54,0,2026-07-08 05:04:24
b07cfee7-d4cb-42fb-b4b7-293f99820043,2026-07-07,1,2000,30,0,2026-07-08 05:04:24
bf943910-a395-422e-808d-992683591edc,2026-07-07,1,2000,21,0,2026-07-08 05:04:24
c84c770c-842e-4ff3-b217-c009eb662781,2026-07-07,1,4000,25,0,2026-07-08 05:04:24
dee17646-3f13-4526-ab1a-ed4a060aaf5c,2026-07-07,1,2000,27,0,2026-07-08 05:04:24
f0d5a5b0-9d10-45a6-8fce-00f75162b120,2026-07-07,2,2500,45,0,2026-07-08 05:04:24
fe78cc2d-9758-4f02-bc76-9040e8690984,2026-07-07,1,2000,16,0,2026-07-08 05:04:24
